Date,PM25,PM_25_rolling_mean_3,PM_25_rolling_mean_7,PM_25_rolling_std_3,PM_25_expanding_mean,PM25_lag_1,day_of_week,month,day_of_year,is_weekend,Trend,Seasonal,Resid
2022-01-01,4.934921,,,,,,5,1,1,1,23.46278010829249,-15.312148078684904,-3.215711029607583
2022-01-02,10.341562,,,,4.934921,4.934921,6,1,2,1,23.068670202014737,-9.29552534414881,-3.4315828578659264
2022-01-03,5.007348,,,,7.6382414999999995,10.341562,0,1,3,0,22.66073462802323,-18.45827024269456,0.8048836146713292
2022-01-04,9.688094,6.761277,,3.1008292323991333,6.761277,5.007348,1,1,4,0,22.238718700876067,-13.332477165135385,0.7818524642593196
2022-01-05,5.914476,8.345668,,2.909474252086792,7.49298125,9.688094,2,1,5,0,21.8023609620656,-12.600969248002004,-3.2869157140635963
2022-01-06,6.005189,6.8699726666666665,,2.4823529541822476,7.1772802,5.914476,3,1,6,0,21.351403814597024,-14.343011501067704,-1.0032033135293226
2022-01-07,13.716152,7.202586333333333,,2.152990590524337,6.981931666666667,6.005189,4,1,7,0,20.8861095325898,-8.12197080936149,0.9520132767716909
2022-01-08,19.322357,8.545272333333333,7.943963142857143,4.478342841660554,7.943963142857143,13.716152,5,1,8,1,20.407138069670953,-1.8371403080330793,0.7523592383621249
2022-01-09,33.909314,13.014566,9.999311142857142,6.6862476824900074,9.366262375,19.322357,6,1,9,1,19.9153157883522,13.581209577208702,0.4127886344390994
2022-01-10,43.070916,22.315941,13.366132857142857,10.424111797335685,12.093268111111112,33.909314,0,1,10,0,19.411693811366366,25.751791891364245,-2.0925697027306143
2022-01-11,63.970798,32.10086233333333,18.803785428571427,11.977119299611331,15.1910329,43.070916,1,1,11,0,18.897866734852954,35.22950809674712,9.84342316839993
2022-01-12,31.368494,46.983676,26.558457428571426,15.407967847310822,19.625557,63.970798,2,1,12,0,18.37631859139227,9.807719862201955,3.184455546405772
2022-01-13,10.032802,46.136736000000006,30.194745714285713,16.515961846995292,20.604135083333333,31.368494,3,1,13,0,17.848970740924226,-6.292357308231449,-1.5238114326927779
2022-01-14,10.323119,35.124031333333335,30.770118999999998,27.164404992941574,19.790955615384615,10.032802,4,1,14,0,17.31622022151777,-6.935447751285307,-0.05765347023246292
2022-01-15,13.733921,17.241471666666666,30.2854,12.235221330037136,19.114681571428573,10.323119,5,1,15,1,16.770504854053165,-8.002779168918202,4.96619531486504
2022-01-16,19.630789,11.363280666666668,29.487052,2.0581600235748536,18.7559642,13.733921,6,1,16,1,16.17495515839675,-3.7943791825255166,7.250213024128769
2022-01-17,4.735347,14.562609666666667,27.44726271428571,4.708845281692818,18.81064075,19.630789,0,1,17,0,15.37097430839754,-8.156937461272987,-2.4786898471245546
2022-01-18,7.674305,12.700019,21.97075285714286,7.501350751900843,17.982682294117648,4.735347,1,1,18,0,14.553799139563406,-5.600237513103092,-1.2792566264603131
2022-01-19,12.264329,10.680147,13.928396714285714,7.88954134855527,17.409994666666666,7.674305,2,1,19,0,13.73360964098353,-7.226888123382462,5.757607482398932
2022-01-20,3.973222,8.224660333333334,11.199230285714284,3.794543547487182,17.139170157894736,12.264329,3,1,20,0,12.923341928285323,-8.019705822203331,-0.9304141060819919
2022-01-21,4.190932,7.970618666666667,10.333576000000003,4.153488312629711,16.48087275,3.973222,4,1,21,0,12.149391824599004,-4.103670385429408,-3.854789439169597
2022-01-22,5.733206,6.809494333333333,9.457549285714284,4.725279392959275,15.895637476190476,4.190932,5,1,22,1,11.4373681669007,-3.6970002361838636,-2.007161930716837
2022-01-23,15.78446,4.632453333333333,8.31459,0.95947471874174,15.433708772727272,5.733206,6,1,23,1,10.801329467163987,5.516338132332647,-0.5332075994966345
2022-01-24,27.958402,8.569532666666666,7.765114428571429,6.295715574240041,15.448958826086956,15.78446,0,1,24,0,10.243926335010894,13.35811587832145,4.356359786667655
2022-01-25,7.365961,16.492022666666667,11.082693714285714,11.129479682583941,15.970185625,27.958402,1,1,25,0,9.76047008872024,14.985752444617228,-17.380261533337467
2022-01-26,6.712761,17.03627433333333,11.038644571428572,10.353136526119695,15.62601664,7.365961,2,1,26,0,9.346650167964942,3.585893381267706,-6.219782549232647
2022-01-27,8.055299,14.012374666666666,10.245563428571428,12.082029065788566,15.283199115384615,6.712761,3,1,27,0,8.997675904497598,-3.369928722491674,2.4275518179940754
2022-01-28,1.705395,7.378007,10.828717285714285,0.6713500576802478,15.015499111111112,8.055299,4,1,28,0,8.718807195167328,-5.976280312609915,-1.0371318825574125
2022-01-29,6.984887,5.491151666666667,10.473640571428572,3.346575447344429,14.54013825,1.705395,5,1,29,1,8.522728787225414,-1.4640019542948355,-0.07383983293057916
2022-01-30,3.828081,5.581860333333334,10.652452142857143,3.3995121815984963,14.279612344827587,6.984887,6,1,30,1,8.417811488490798,1.8859352077152516,-6.47566569620605
2022-01-31,12.754385,4.172787666666667,8.944398000000001,2.6565722198066695,13.931227966666667,3.828081,0,1,31,0,8.408488766678984,2.057787588340787,2.2881086449802286
2022-02-01,9.561409,7.855784333333333,6.772395571428571,4.526430425733794,13.89326529032258,12.754385,1,2,32,0,8.492986351089673,2.6805470035538024,-1.612124354643476
2022-02-02,4.100249,8.714625,7.086030999999999,4.522997693133981,13.75789478125,9.561409,2,2,33,0,8.66249711550734,-2.052250739901421,-2.50999737560592
2022-02-03,13.117264,8.805347666666666,6.712815,4.376327116594992,13.46523884848485,4.100249,3,2,34,0,8.885781428177612,-2.7083688508717314,6.939851422694119
2022-02-04,14.460542,8.926307333333334,7.4359528571428575,4.541933010603266,13.455004294117646,13.117264,4,2,35,0,9.11701035444118,-0.40702793531781173,5.750559580876633
2022-02-05,4.880536,10.559351666666666,9.258116714285714,5.633924421770821,13.483733942857143,14.460542,5,2,36,1,9.326651824931664,-5.1178788024744275,0.6717629775427643
2022-02-06,5.424843,10.819447333333335,8.957495142857143,5.186916214401066,13.244756222222222,4.880536,6,2,37,1,9.497308290421417,-1.6967137034999848,-2.3757515869214316
2022-02-07,6.477001,8.255307,9.185604,5.380778157616265,13.033407216216215,5.424843,0,2,38,0,9.612991412820442,1.6105575389646194,-4.746547951785062
2022-02-08,8.236814,5.594126666666667,8.288834857142858,0.8115835409281954,12.860870210526317,6.477001,1,2,39,0,9.66459352634939,-2.7340177753038604,1.30623824895447
2022-02-09,9.161995,6.712886,8.099607,1.4207485794918977,12.742304666666668,8.236814,2,2,40,0,9.659457840890063,-1.6487094502445854,1.151246609354521
2022-02-10,7.982699,7.9586033333333335,8.82271357142857,1.3639461412730383,12.652796925,9.161995,3,2,41,0,9.632668491164367,-0.20288050598054913,-1.447088985183818
2022-02-11,6.567608,8.460502666666665,8.089204285714285,0.6206546774170179,12.538892097560975,7.982699,4,2,42,0,9.614390358572255,-4.995940848174852,1.9491584896025973
2022-02-12,9.307135,7.904100666666667,6.9616422857142854,1.2989781560686875,12.396718666666667,6.567608,5,2,43,1,9.616271828904676,-1.519979541588803,1.2108427126841281
2022-02-13,18.995782,7.952480666666666,7.5940135714285715,1.370013469526344,12.32486788372093,9.307135,6,2,44,1,9.643079715593153,0.5109764420174522,8.841725842389394
2022-02-14,20.266053,11.623508333333334,9.532719142857143,6.529859593291551,12.476479568181817,18.995782,0,2,45,0,9.693512020261096,6.939564840586649,3.6329761391522553
2022-02-15,23.495047,16.189656666666664,11.502583714285715,5.994182635894723,12.649581199999998,20.266053,1,2,46,0,9.77510806299169,13.431304953727862,0.2886339832804481
2022-02-16,9.906056,20.918960666666663,13.682331285714286,2.319603996580011,12.885352195652173,23.495047,2,2,47,0,9.909482413079678,7.027307286851673,-7.030733699931351
2022-02-17,1.995697,17.889051999999996,13.788625714285713,7.099490785614171,12.821962914893616,9.906056,3,2,48,0,10.133881975394468,2.421306274250299,-10.559491249644767
2022-02-18,7.529246,11.798933333333332,12.933339714285713,10.873948273507173,12.596415708333334,1.995697,4,2,49,0,10.467483306882977,-1.5724988000530113,-1.3657385068299668
2022-02-19,3.701184,6.476999666666665,13.070716571428571,4.05880051699137,12.493004081632654,7.529246,5,2,50,1,10.888166374956738,-6.018546750211956,-1.168435624744781
2022-02-20,4.771642,4.408708999999999,12.26986642857143,2.8338110122356435,12.31716768,3.701184,6,2,51,1,11.361197058839402,-2.349870613456593,-4.239684445382808
2022-02-21,2.648814,5.334023999999999,10.237846428571428,1.975024000968858,12.169216196078432,4.771642,0,2,52,0,11.869934132769755,-6.959454342103257,-2.2616657906664983
2022-02-22,5.569767,3.707213333333332,7.721098,1.0614268434707648,11.986131538461537,2.648814,1,2,53,0,12.407335640063183,-4.585488017745041,-2.2520806223181413
2022-02-23,8.817526,4.330074333333332,5.160343714285714,1.5097112671750623,11.865068056603773,5.569767,2,2,54,0,12.966355754053941,-3.156977380611445,-0.9918523734424962
2022-02-24,14.550706,5.678702333333333,5.004839428571429,3.085798456618867,11.80863209259259,8.817526,3,2,55,0,13.532754204313715,-3.7816114885220693,4.799563284208354
2022-02-25,6.640263,9.645999666666667,6.798412142857143,4.547427051938218,11.858487981818183,14.550706,4,2,56,0,14.093038478756291,-6.109347306172873,-1.343428172583419
2022-02-26,9.887823,10.002831666666667,6.6714145714285715,4.086256141829036,11.765305392857142,6.640263,5,2,57,1,14.643775148664703,-2.380322349401474,-2.37562979926323
2022-02-27,6.259366,10.359597333333332,7.555220142857143,3.976267770190475,11.732367105263158,9.887823,6,2,58,1,15.192665821989863,-0.5350538163433086,-8.398246005646554
2022-02-28,18.578525,7.595817333333332,7.767752142857143,1.9940506796908224,11.63800501724138,6.259366,0,2,59,0,15.752060415578224,4.568675802286924,-1.7422112178651492
2022-03-01,40.421633,11.575237999999999,10.043425142857144,6.330556583230912,11.755640949152543,18.578525,1,3,60,0,16.322423076997545,14.202120934570171,9.897088988432284
2022-03-02,44.721259,21.753174666666666,15.022263142857144,17.300980377550054,12.233407483333334,40.421633,2,3,61,0,16.892910250568214,9.4489083919441,18.379440357487688
2022-03-03,32.493333,34.573805666666665,20.151367857142855,14.018147118611989,12.765995213114753,44.721259,3,3,62,0,17.448464508439233,5.684541227742114,9.36032726381865
2022-03-04,10.159836,39.212075,22.714600285714287,6.203048966588323,13.084178080645161,32.493333,4,3,63,0,17.991190944338488,-3.2697645381261156,-4.561590406212371
2022-03-05,11.266839,29.124809333333335,23.217396428571426,17.525216224512107,13.037759952380952,10.159836,5,3,64,1,18.53446300339876,-1.5725960868887714,-5.695027916509989
2022-03-06,23.368259,17.973336,23.414398714285714,12.586862141554917,13.0100893125,11.266839,6,3,65,1,19.090140906263436,-0.017395967222113118,4.295514060958677
2022-03-07,10.885815,14.931644666666665,25.858526285714284,7.327258011531707,13.16944576923077,23.368259,0,3,66,0,19.660240394127637,-6.579120247070252,-2.195305147057386
2022-03-08,14.623066,15.173637666666666,24.759567714285716,7.099306932348017,13.134845303030302,10.885815,1,3,67,0,20.243489470348145,-0.78251174865876,-4.837911721689386
2022-03-09,15.475635,16.292379999999998,21.074058142857144,6.406466184741033,13.157057552238806,14.623066,2,3,68,0,20.84446649684523,1.9294478112841567,-7.298279308129384
2022-03-10,7.63802,13.661505333333333,16.896111857142856,2.441323635829455,13.191154279411764,15.475635,3,3,69,0,21.471745502856848,-4.42038890062171,-9.413336602235137
2022-03-11,14.532141,12.578907,13.345352857142856,4.30011531647887,13.11067407246377,7.63802,4,3,70,0,22.124378220109357,-2.7090685072417333,-4.883168712867622
2022-03-12,21.825505,12.548598666666669,13.969967857142857,4.278771127689526,13.130980742857142,14.532141,5,3,71,1,22.796867207247058,-3.4345205611121377,2.4631583538650794
2022-03-13,25.889439,14.665222,15.478348714285714,7.094678679878763,13.253438830985916,21.825505,6,3,72,1,23.47980330065454,-4.3847205950761525,6.794356294421611
2022-03-14,25.962716,20.74902833333333,15.838517285714286,5.754663845578548,13.428938833333333,25.889439,0,3,73,0,24.15986597599126,-0.5402167039973472,2.3430667280060895
2022-03-15,25.671728,24.55922,17.992360285714287,2.3677501252456374,13.600634410958904,25.962716,1,3,74,0,24.821358219816187,6.108761523299542,-5.258391743115727
2022-03-16,18.088629,25.841294333333334,19.57074057142857,0.1513503740732797,13.763757297297298,25.671728,2,3,75,0,25.43115496975707,2.9107930532489315,-10.253319023006
2022-03-17,32.857018,23.241024333333332,19.94402542857143,4.464476649871966,13.821422253333333,18.088629,3,3,76,0,25.93428765102681,4.109458364949047,2.813271984024137
2022-03-18,31.005642,25.539125000000002,23.546739428571424,7.385087411841294,14.071890618421051,32.857018,4,3,77,0,26.268905011973434,-0.8495759941564449,5.5863129821830135
2022-03-19,40.568025,27.317096333333335,25.900096714285716,8.045517712686,14.291809467532469,31.005642,5,3,78,1,26.404422166716117,2.881888243408013,11.281714589875868
2022-03-20,28.15726,34.810228333333335,28.57759957142857,5.071593942179561,14.628684025641027,40.568025,6,3,79,1,26.340721270069512,-0.44957310763240155,2.266111837562889
2022-03-21,27.123134,33.243642333333334,28.901574,6.5010196192833,14.79993182278481,28.15726,0,3,80,0,26.082802194462534,-2.831685199217703,3.8720170047551683
2022-03-22,39.842155,31.949473,29.067348,7.481773391282111,14.953971849999999,27.123134,1,3,81,0,25.634743646478498,2.7226902812542484,11.484721072267249
2022-03-23,45.629708,31.70751633333333,31.091694714285715,7.063753522305995,15.26123337037037,39.842155,2,3,82,0,25.006082512452455,5.139675631376987,15.483949856170558
2022-03-24,30.135182,37.53166566666666,35.02613457142857,9.467158550692728,15.631580621951219,45.629708,3,3,83,0,24.209894129122095,-1.2039562616002846,7.129244132478192
2022-03-25,34.34431,38.53568166666667,34.637300857142854,7.829446878241301,15.806322807228915,30.135182,4,3,84,0,23.269150069782608,0.5849933142786767,10.490166615938715
2022-03-26,18.19752,36.70306666666667,35.11425342857143,8.012046165030343,16.027013130952383,34.34431,5,3,85,1,22.2053284355896,-3.2849038521389646,-0.7229045834506351
2022-03-27,12.881595,27.559004,31.918467,8.37599108415164,16.052548505882353,18.19752,6,3,86,1,21.032445359087177,-4.0848774144962094,-4.065972944590968
2022-03-28,14.241913,21.807808333333337,29.736229142857145,11.1775520656429,16.015676953488374,12.881595,0,3,87,0,19.759459029823656,-2.9846012340744994,-2.532944795749156
2022-03-29,16.328249,15.107009333333332,27.896054714285718,2.7615318938707873,15.995288862068964,14.241913,1,3,88,0,18.40342081141257,0.5857157079238171,-2.660887519336388
2022-03-30,12.336944,14.483919,24.536925285714286,1.7360245179591256,15.9990725,16.328249,2,3,89,0,17.00676218260563,-2.2277251584871114,-2.4420930241185186
2022-03-31,6.712749,14.302368666666666,19.78081614285714,1.9963391661938457,15.957924988764045,12.336944,3,3,90,0,15.637353003104563,1.6718713076429805,-10.596475310747543
2022-04-01,14.314873,11.792647333333333,16.434754285714288,4.830802646404367,15.85520081111111,6.712749,4,4,91,0,14.368442266520798,2.426174204749361,-2.479743471270158
2022-04-02,11.611241,11.121521999999999,13.573406142857143,3.944110838504171,15.838274131868133,14.314873,5,4,92,1,13.24379696300538,1.2148123064331662,-2.8473682694385474
2022-04-03,5.878351,10.879621,12.632509142857144,3.8535079078864056,15.792328119565218,11.611241,6,4,93,1,12.278104727636073,-3.139436388309444,-3.2603173393266296
2022-04-04,10.903622,10.601488333333334,11.632045714285713,4.307949187258409,15.685726215053762,5.878351,0,4,94,0,11.475631768277443,-0.7463859426387353,0.17437617436129216
2022-04-05,6.749169,9.464404666666667,11.155147,3.1257026150050375,15.634852765957447,10.903622,1,4,95,0,10.843770695882712,1.0687822094480597,-5.163383905330772
2022-04-06,4.735184,7.843714000000001,9.786707000000002,2.685490406541777,15.541319252631578,6.749169,2,4,96,0,10.379488313675399,3.842395979541832,-9.48670029321723
2022-04-07,12.463987,7.462658333333333,8.700741285714285,3.1455058594040533,15.42875534375,4.735184,3,4,97,0,10.063607376381347,3.233284866333132,-0.8329052427144799
2022-04-08,4.35431,7.982780000000001,9.522346714285714,4.009357308558558,15.398190721649483,12.463987,4,4,98,0,9.867972374366076,1.0953164979851933,-6.608978872351269
2022-04-09,6.386183,7.184493666666666,8.099409142857143,4.576139600525885,15.28549806122449,4.35431,5,4,99,1,9.76917926827391,-1.7826482593785526,-1.600348008895356
2022-04-10,6.132209,7.734826666666667,7.352972285714286,4.219697271820722,15.195605989898988,6.386183,6,4,100,1,9.747714669855927,-3.4664622859277125,-0.14904338392821614
2022-04-11,6.477083,5.624234,7.389237714285714,1.107093456985361,15.10497202,6.132209,0,4,101,0,9.795446626017107,-3.8807169409801983,0.5623533149630919
2022-04-12,14.677334,6.331824999999999,6.756875,0.17874734429030886,15.019547376237623,6.477083,1,4,102,0,9.902764388247457,0.8598833359010603,3.9146862758514835
2022-04-13,16.908809,9.095542,7.88947,4.837048270114327,15.016192343137254,14.677334,2,4,103,0,10.049393828125204,1.5931725202686227,5.266242651606175
2022-04-14,22.660063,12.687742,9.628559285714287,5.493094217252806,15.034567262135923,16.908809,3,4,104,0,10.210796514048196,3.5637089857347863,8.88555750021702
2022-04-15,14.314483,18.082068666666668,11.08514157142857,4.1186641348779425,15.107889336538461,22.660063,4,4,105,0,10.367136440595258,2.3795518164413427,1.5677947429633985
2022-04-16,3.102463,17.961118333333335,12.508023428571429,4.271146518660402,15.100333085714285,14.314483,5,4,106,1,10.508784629575706,-2.4700134378323786,-4.936308191743327
2022-04-17,7.438654,13.359003000000001,12.038920571428573,9.813747294627026,14.987145632075473,3.102463,6,4,107,1,10.62805416192605,-1.1632265465135023,-2.0261736154125476
2022-04-18,7.928502,8.2852,12.225555571428572,5.653744619072031,14.916598981308411,7.438654,0,4,108,0,10.721175726900736,-1.068150930079304,-1.7245227968214323
2022-04-19,6.368109,6.156539666666667,12.432901142857144,2.6562240079073076,14.851894379629629,7.928502,1,4,109,0,10.782016989143289,-3.2525088335572554,-1.1613991555860341
2022-04-20,11.901544,7.2450883333333325,11.245869,0.7980020858965386,14.774061486238532,6.368109,2,4,110,0,10.804218204246164,-0.8351058099961595,1.9324316057499953
2022-04-21,12.355086,8.732718333333333,10.530545428571429,2.853033238135391,14.74794769090909,11.901544,3,4,111,0,10.790998280397352,2.1128818904848496,-0.5487941708822017
2022-04-22,11.393489,10.208246333333333,9.058405857142857,3.333379087440461,14.726390378378378,12.355086,4,4,112,0,10.74976620758327,-1.3190771041969147,1.9627998966136442
2022-04-23,13.044504,11.883373,8.641121,0.4810559598759431,14.696632330357144,11.393489,5,4,113,1,10.685164902587363,0.6894946712723373,1.6698444261402994
2022-04-24,11.429815,12.264359666666666,10.061412571428573,0.8292382548010669,14.682011725663717,13.044504,6,4,114,1,10.611595500429884,-1.1048405901259837,1.923060089696099
2022-04-25,6.676657,11.955936,10.631578428571428,0.9429024936525346,14.653483684210526,11.429815,0,4,115,0,10.542062437693671,-3.20858450359094,-0.6568209341027309
2022-04-26,7.492974,10.383658666666665,10.452743428571429,3.310317380430675,14.584119973913042,6.676657,1,4,116,0,10.485601625392297,0.8645460799984428,-3.857173705390739
2022-04-27,9.343421,8.533148666666666,10.61343842857143,2.5415743636811596,14.522989405172414,7.492974,2,4,117,0,10.448163478595333,2.7741596709724727,-3.878902149567807
2022-04-28,11.974092,7.837683999999999,10.247992285714286,1.3663917066485423,14.478719589743589,9.343421,3,4,118,0,10.428160561084095,4.248102496681651,-2.702171057765745
2022-04-29,11.520842,9.603495666666667,10.19356457142857,2.2518511843950435,14.45749393220339,11.974092,4,4,119,0,10.414228753140883,1.186627021062239,-0.08001377420312217
2022-04-30,12.990005,10.946118333333333,10.211757857142857,1.406356266146471,14.43281618487395,11.520842,5,4,120,1,10.392432803808394,-1.6358408712044996,4.233413067396107
2022-05-01,15.929489,12.161646333333332,10.203972285714286,0.7523246979233866,14.420792758333333,12.990005,6,5,121,1,10.35930690000021,0.5353690390179701,5.03481306098182
2022-05-02,9.778789,13.480112,10.846782857142857,2.244815303368689,14.43326132231405,15.929489,0,5,122,0,10.318651152209844,-1.3410532015475825,0.8011910493377385
2022-05-03,8.07347,12.899427666666668,11.289944571428572,3.0763502421675857,14.395109909836066,9.778789,1,5,123,0,10.273556775086869,-2.7720871150827024,0.5720003399958333
2022-05-04,9.86977,11.260582666666666,11.372872571428571,4.1323169027821995,14.343714463414635,8.07347,2,5,124,0,10.226078973785834,-0.022054368616424472,-0.3342546051694075
2022-05-05,11.502386,9.240676333333333,11.448065285714284,1.0118534251656026,14.307634266129032,9.86977,3,5,125,0,10.177702804850776,3.270984044733614,-1.9463008495843912
2022-05-06,8.926174,9.815208666666667,11.380678714285713,1.7151090163847869,14.285192279999999,11.502386,4,5,126,0,10.132459599845816,2.1772301000326455,-3.383515699878462
2022-05-07,11.411797,10.099443333333333,11.010011857142858,1.3033723363906444,14.24266038888889,8.926174,5,5,127,1,10.093759475933954,0.781815715225817,0.5362218088402297
2022-05-08,7.855745,10.613452333333333,10.784553571428571,1.461927741829751,14.220370125984253,11.411797,6,5,128,1,10.051040514472403,-2.0400888143022744,-0.15520670017012783
2022-05-09,7.365881,9.397905333333332,9.631161571428573,1.8243558575046073,14.1706464921875,7.855745,0,5,129,0,9.988069159003711,-2.5940944250845077,-0.02809373391920289
2022-05-10,12.318801,8.877807666666667,9.286460428571429,2.2081254811962894,14.117896372093023,7.365881,1,5,130,0,9.892387512674661,0.3778820792705455,2.048531408054794
2022-05-11,14.151585,9.180142333333334,9.892936285714285,2.729171184444897,14.104057176923076,12.318801,2,5,131,0,9.761100160108395,1.5237113487173397,2.866773491174266
2022-05-12,9.760948,11.278755666666669,10.504624142857143,3.5103725465318454,14.104419984732825,14.151585,3,5,132,0,9.600460257722029,0.19391762873789925,-0.033429886459927616
2022-05-13,8.182296,12.077111333333335,10.255847285714285,2.2052740731418203,14.071514893939394,9.760948,4,5,133,0,9.420827428610648,-1.1162177453918634,-0.12231368321878655
2022-05-14,7.366108,10.698276333333334,10.149579000000001,3.0930633835619092,14.02723505263158,8.182296,5,5,134,1,9.231612348329566,-0.8759952652173626,-0.9895090831122033
2022-05-15,6.168472,8.436450666666667,9.57162342857143,1.21748125338353,13.977525149253731,7.366108,6,5,135,1,9.034544586400585,-0.5743762810242978,-2.291696305376287
2022-05-16,8.164154,7.238958666666666,9.330584428571429,1.0129150953896713,13.919680311111112,6.168472,0,5,136,0,8.821949719871,-0.8271407539654486,0.169345034094448
2022-05-17,7.039507,7.232911333333334,9.444623428571429,1.0044862743155167,13.877360264705882,8.164154,1,5,137,0,8.587754129079498,-1.5621797252936316,0.013932596214134563
2022-05-18,8.109932,7.124044333333333,8.69043857142857,1.0005231540675419,13.8274489270073,7.039507,2,5,138,0,8.334988287995008,-0.6595978865770912,0.43454159858208286
2022-05-19,16.328515,7.771197666666667,7.827345285714286,0.6342424064072796,13.786017644927536,8.109932,3,5,139,0,8.068625506447813,2.9727367840052925,5.287152709546895
2022-05-20,16.872799,10.492651333333333,8.765569142857142,5.0822663224289455,13.804308992805757,16.328515,4,5,140,0,7.792410170493825,3.571757937870364,5.5086308916358115
2022-05-21,6.168651,13.770415333333332,10.007069571428572,4.909670553445681,13.82622677857143,16.872799,5,5,141,1,7.514387098104012,1.2108253287041948,-2.5565614268082077
2022-05-22,2.75775,13.123321666666667,9.836004285714285,6.029066621750715,13.771917730496455,6.168651,6,5,142,1,7.247077768703483,-3.005286461123783,-1.4840413075796999
2022-05-23,5.823763,8.599733333333333,9.348758285714286,7.364867483647167,13.694353169014084,2.75775,0,5,143,0,6.998203583379192,-0.2678887092865147,-0.9065518740926777
2022-05-24,7.510994,4.916721333333333,9.014416714285714,1.8776594064822154,13.639314076923077,5.823763,1,5,144,0,6.777535916999643,2.423360846868375,-1.6899027638680177
2022-05-25,6.458753,5.364169,9.081771999999999,2.409720339481293,13.59675629861111,7.510994,2,5,145,0,6.594762970421086,1.9712919877692594,-2.1073019581903454
2022-05-26,5.297629,6.597836666666666,8.845889285714284,0.8521709403571793,13.547528689655172,6.458753,3,5,146,0,6.452605829080087,0.01743302288270318,-1.172409851962791
2022-05-27,3.120606,6.4224586666666665,7.270048428571428,1.107128770640177,13.49102252739726,5.297629,4,5,147,0,6.347525792274576,-2.944920766403923,-0.2819990258706522
2022-05-28,3.320089,4.958996,5.305449428571428,1.6946417261231983,13.420475476190477,3.120606,5,5,148,1,6.274524014405187,-2.3874628549871755,-0.5669721594180119
2022-05-29,2.84846,3.912774666666666,4.898511999999999,1.2034593928484205,13.352229621621621,3.320089,6,5,149,1,6.231941673472588,-1.0995072987881507,-2.283974374684437
2022-05-30,4.771468,3.096385,4.911470571428572,0.23674558293600753,13.281734523489934,2.84846,0,5,150,0,6.225024118950737,-0.17203397075275523,-1.2815221481979817
2022-05-31,5.225163,3.646672333333333,4.761142714285714,1.0022387176831042,13.224999413333334,4.771468,1,5,151,0,6.260126668104538,-1.7627942180738738,0.7278305499693358
2022-06-01,4.626329,4.281697,4.434595428571428,1.261778907686198,13.172020364238412,5.225163,2,6,152,0,6.336994736152079,-0.6926561160449913,-1.0180096201070867
2022-06-02,3.066104,4.87432,4.172820571428572,0.31238508337596466,13.115798710526315,4.626329,3,6,153,0,6.45281852490926,1.1929111812309037,-4.579625706140163
2022-06-03,6.585894,4.305865333333333,3.8540312857142855,1.1146329721523176,13.050114431372549,3.066104,4,6,154,0,6.5981588674588725,2.057701072242657,-2.0699659397015298
2022-06-04,11.502386,4.759442333333333,4.349072428571429,1.763666572982868,13.008138974025975,6.585894,5,6,155,1,6.754899436590232,2.0916193514098036,2.655867211999963
2022-06-05,5.098061,7.051461333333333,5.517972,4.237366894933723,12.998424438709677,11.502386,6,6,156,1,6.9136666701008345,-0.17101614189827458,-1.6445895282025598
2022-06-06,10.250828,7.728780333333333,5.8393435714285715,3.3516393831370492,12.947781083333334,5.098061,0,6,157,0,7.079444527643338,0.7968338653814268,2.3745496069752354
2022-06-07,11.86556,8.950425000000001,6.622109285714286,3.394426409308653,12.93060303821656,10.250828,1,6,158,0,7.249792276694109,0.5170337321514705,4.098733991154422
2022-06-08,9.724661,9.071483,7.570737428571428,3.5345299051667456,12.92386225949367,11.86556,2,6,159,0,7.414099307810955,-0.1028343715560984,2.413396063745142
2022-06-09,8.744811,10.613683,8.29907057142857,1.1156208788464528,12.903741496855346,9.724661,3,6,160,0,7.563862250783973,0.6808060630256344,0.5001426861903928
2022-06-10,2.975386,10.111677333333333,9.110314428571428,1.5959651662706917,12.877748181250002,8.744811,4,6,161,0,7.6981326282345135,-2.7870734956112297,-1.9356731326232834
2022-06-11,5.225059,7.148285999999999,8.594527571428571,3.6468955720069562,12.816242826086956,2.975386,5,6,162,1,7.8188520194706586,-2.1523407296767765,-0.4414522897938822
2022-06-12,11.447917,5.648418666666667,7.697766571428572,2.9079187167414435,12.769383666666668,5.225059,6,6,163,1,7.926757544085914,1.437788963771208,2.083370492142878
2022-06-13,9.688094,6.549454,8.604888857142857,4.3887882124235515,12.761276509202455,11.447917,0,6,164,0,8.024390188481004,0.9699030414329778,0.6938007700860176
2022-06-14,4.499356,8.787023333333332,8.524498285714285,3.2077931170487544,12.742537591463416,9.688094,1,6,165,0,8.116144979868773,-1.367976698872825,-2.2488122809959483
2022-06-15,8.037156,8.545122333333333,7.472183428571428,3.6125355591026853,12.692578915151515,4.499356,2,6,166,0,8.205276931562764,-1.1295389626516774,0.9614180310889129
2022-06-16,8.763097,7.408202,7.231111285714285,2.650931507743449,12.664534198795181,8.037156,3,6,167,0,8.29168596871905,0.27591330994002083,0.1954977213409297
2022-06-17,6.059616,7.099869666666667,7.2337235714285715,2.281173181009998,12.641172299401196,8.763097,4,6,168,0,8.381601810135216,0.8746375224108008,-3.1966233325460163
2022-06-18,9.652107,7.619956333333334,7.674327857142857,1.3991940718639777,12.601996369047619,6.059616,5,6,169,1,8.487400873480079,0.18915551437958067,0.9755506121403421
2022-06-19,14.859138,8.158273333333334,8.306763285714286,1.871057627944508,12.584541402366863,9.652107,6,6,170,1,8.608637426023996,1.3935755744583371,4.856924999517666
2022-06-20,7.656162,10.190287,8.794080571428571,4.424378503408145,12.597921382352942,14.859138,0,6,171,0,8.736167126684418,2.68746369823069,-3.767468824915108
2022-06-21,2.794041,10.722469000000002,8.50380457142857,3.718867021342136,12.569022204678362,7.656162,1,6,172,0,8.86769588165849,-0.9475562943496785,-5.126098587308811
2022-06-22,5.116203,8.436447000000001,8.260188142857142,6.070277993285811,12.51219091860465,2.794041,2,6,173,0,8.997798527193618,-1.1759450971039818,-2.705650430089637
2022-06-23,10.722255,5.188802,7.842909142857144,2.431873375766063,12.469439543352602,5.116203,3,6,174,0,9.116636824864536,0.09274675172770208,1.5128714234077627
2022-06-24,9.633964,6.210833000000001,8.122788857142856,4.075880939762947,12.459398252873564,10.722255,4,6,175,0,9.213526855724881,-1.7269873511545526,2.1474244954296715
2022-06-25,8.509079,8.490807333333334,8.63341,2.972719315724804,12.443252914285715,9.633964,5,6,176,1,9.282494352153472,-0.5644838287240043,-0.2089315234294684
2022-06-26,12.427814,9.621766000000001,8.470120285714286,1.1066384211412843,12.420899653409093,8.509079,6,6,177,1,9.324473324471379,1.6612302647103308,1.4421104108182892
2022-06-27,11.683896,10.190285666666668,8.122788285714284,2.0177317333227034,12.420938717514122,12.427814,0,6,178,0,9.33890627252634,0.47918059398533674,1.8658091334883231
2022-06-28,10.994514,10.873596333333333,8.698178857142858,2.0812400540075817,12.416798028089886,11.683896,1,6,179,0,9.321428754624225,-1.7138491169386447,3.3869343623144204
2022-06-29,7.329795,11.702074666666668,9.869674999999999,0.7168229003321039,12.408852307262569,10.994514,2,6,180,0,9.269975322229033,-1.5673324783667084,-0.37284784386232417
2022-06-30,12.899761,10.002735000000001,10.185902428571428,2.3403563976839292,12.380635322222222,7.329795,3,6,181,0,9.188566898908435,1.8001135856698818,1.9110805154216823
2022-07-01,15.693318,10.408023333333334,10.496974714285715,2.830920130779647,12.383503419889504,12.899761,4,7,182,0,9.079677263387389,1.3160133987443186,5.297627337868292
2022-07-02,3.211234,11.974291333333333,11.362596714285715,4.257875035839069,12.401689214285716,15.693318,5,7,183,1,8.943641066583217,-2.665337307322448,-3.067069759260768
2022-07-03,6.241212,10.601437666666667,10.605761714285716,6.55074979328103,12.351468147540984,3.211234,6,7,184,1,8.783518259652743,0.30752413185064253,-2.849830391503385
2022-07-04,16.546019,8.381921333333333,9.72196142857143,6.510574673800179,12.318260233695652,6.241212,0,7,185,0,8.599895415387213,3.1943429513014006,4.7517806333113874
2022-07-05,9.67025,8.666155000000002,10.416550428571428,6.990306442781461,12.341112983783782,16.546019,1,7,186,0,8.393703117312041,-0.5642272752342647,1.8407741579222225
2022-07-06,7.710786,10.819160333333334,10.227369857142858,5.2475954533806695,12.326753505376344,9.67025,2,7,187,0,8.179773020899313,-0.43956793896547697,-0.029419081933836466
2022-07-07,4.898555,11.309018333333334,10.281797142857142,4.639989954603728,12.302069187165776,7.710786,3,7,188,0,7.977303330387025,0.3210589661290649,-3.39980729651609
2022-07-08,6.059693,7.426530333333335,9.138767714285715,2.3985139683310654,12.262688792553194,4.898555,4,7,189,0,7.800499901341082,0.951840606608077,-2.692647507949159
2022-07-09,9.652124,6.223011333333335,7.762535571428572,1.4132110450464053,12.229868708994708,6.059693,5,7,190,1,7.658499598783171,1.6324166286869113,0.36120777252991765
2022-07-10,5.442927,6.8701240000000015,8.682662714285714,2.4782460256721626,12.216301631578949,9.652124,6,7,191,1,7.5579361957437365,-0.6977217329634275,-1.4172874627803091
2022-07-11,4.263503,7.051581333333335,8.568622,2.273151269835163,12.180838937172776,5.442927,0,7,192,0,7.502826913188418,-0.9107578589452575,-2.3285660542431605
2022-07-12,2.884657,6.452851333333335,6.813976857142857,2.8327141471922603,12.1396028125,4.263503,1,7,193,0,7.493350158161935,-1.5704877088893512,-3.038205449272583
2022-07-13,5.370199,4.1970290000000015,5.844606428571429,1.2804297882862148,12.091649725388601,2.884657,2,7,194,0,7.525954746047619,-2.4674593378838816,0.31170359183626317
2022-07-14,8.109726,4.172786333333335,5.510236857142857,1.245251739066448,12.057003072164948,5.370199,3,7,195,0,7.594616001093487,0.8538213126967382,-0.3387113137902249
2022-07-15,4.953055,5.454860666666669,5.9689755714285715,2.613563125704276,12.036760625641026,8.109726,4,7,196,0,7.6939696859664375,0.5134550545922629,-3.2543697405587
2022-07-16,6.077924,6.144326666666668,5.810884428571428,1.7148172450098447,12.000619270408164,4.953055,5,7,197,1,7.816553240913506,-2.331450437104603,0.592821196191097
2022-07-17,6.712919,6.380235000000002,5.300284428571429,1.5999021551644454,11.970554827411169,6.077924,6,7,198,1,7.955022131228711,-2.1518908761973754,0.9097877449686642
2022-07-18,8.581526,5.914632666666669,5.481711857142857,0.8912229627198451,11.944001111111112,6.712919,0,7,199,0,8.106894394875965,2.463193283106387,-1.9885616779823518
2022-07-19,10.522706,7.124123000000002,6.098572285714285,1.3014692815475473,11.927104251256281,8.581526,1,7,200,0,8.265466883475636,0.9767126643952149,1.2805264521291484
2022-07-20,11.484243,8.605717,7.189722142857144,1.9050087006893146,11.92008226,10.522706,2,7,201,0,8.414743691176291,1.9493222613975445,1.1201770474261643
2022-07-21,12.645321,10.196158333333335,8.063157,1.4786536205195024,11.917913905472638,11.484243,3,7,202,0,8.544412457973724,2.83746382552007,1.2634447165062053
2022-07-22,14.114915,11.550756666666667,8.711099142857142,1.0628695406518758,11.92151493069307,12.645321,4,7,203,0,8.653491752675018,2.9714086244777076,2.4900146228472746
2022-07-23,12.173661,12.748159666666668,10.019936285714286,1.3183476917780907,11.932319857142856,14.114915,5,7,204,1,8.743721164765816,1.6099064344623668,1.8200334007718162
2022-07-24,6.331927,12.977965666666668,10.890755857142858,1.012475248499753,11.933502901960784,12.173661,6,7,205,1,8.81051190921855,-2.765130213086919,0.28654530386837074
2022-07-25,8.037389,10.873501000000003,10.836328428571429,4.051115595886538,11.906178141463414,6.331927,0,7,206,0,8.849627486974892,-2.235087344578528,1.4228488576036344
2022-07-26,8.436292,8.847659000000002,10.75859457142857,3.0039752223284046,11.887397611650485,8.037389,1,7,207,0,8.864231172463992,-1.1263667656239391,0.6984275931599466
2022-07-27,5.22504,7.601869333333336,10.46053542857143,1.1177414944186481,11.870725603864734,8.436292,2,7,208,0,8.862532294454395,-3.407734253036803,-0.22975804141759149
2022-07-28,7.14817,7.232907000000002,9.566363571428571,1.7502652136513124,11.838775192307692,5.22504,3,7,209,0,8.851378243997319,-1.3589891026193353,-0.3442191413779838
2022-07-29,7.873873,6.936500666666668,8.781056285714286,1.6160562434148715,11.816332105263157,7.14817,4,7,210,0,8.833585702077775,-1.6863826443290717,0.7266699422512968
2022-07-30,8.744954,6.7490276666666675,7.889478857142858,1.3687823118250666,11.79755849047619,7.873873,5,7,211,1,8.814069804228815,-0.3632774410598634,0.2941616368310491
2022-07-31,5.406631,7.922332333333334,7.3996635714285715,0.7994942250593543,11.783091170616114,8.744954,6,7,212,1,8.800588336940425,-1.2440252317640992,-2.149932105176326
2022-08-01,8.45465,7.341819333333334,7.267478428571429,1.7315920250570618,11.753013528301887,5.406631,0,8,213,0,8.799348228737554,0.4742639776156104,-0.818962206353163
2022-08-02,7.275393,7.535411666666668,7.327087142857144,1.8492834958932691,11.737528253521127,8.45465,1,8,214,0,8.81977344920312,0.9191752270527858,-2.463555676255906
2022-08-03,11.24839,7.045558000000002,7.161244428571429,1.536952520902277,11.716677154205607,7.275393,2,8,215,0,8.875700433441803,2.838924587958365,-0.46623502140016804
2022-08-04,15.511892,8.992811000000001,8.021723,2.0404384913400357,11.714499074418606,11.24839,3,8,216,0,8.97585811429387,5.684144351223538,0.8518895344825932
2022-08-05,12.75457,11.345225000000001,9.21654042857143,4.119103264931357,11.732079597222222,15.511892,4,8,217,0,9.124001924081751,4.254090540659466,-0.6235224647412192
2022-08-06,7.493069,13.171617333333336,9.913782857142857,2.1621305891829543,11.736791534562212,12.75457,5,8,218,1,9.319537520579459,2.6923531130655185,-4.518821633644977
2022-08-07,5.38841,11.919843666666667,9.734942142857145,4.07405898521383,11.717324917431192,7.493069,6,8,219,1,9.560247691536333,-3.5934899902849518,-0.5783477012513814
2022-08-08,6.16855,8.545349666666668,9.732339142857143,3.7941467074270196,11.688425762557078,5.38841,0,8,220,0,9.835252200857273,-3.920488923288382,0.25378672243110856
2022-08-09,11.158001,6.350009666666668,9.405753428571428,1.063998629951724,11.663335418181818,6.16855,1,8,221,0,10.126406322424938,0.02834472814978732,1.0032499494252747
2022-08-10,5.860218,7.571653666666667,9.960411714285714,3.130266762015536,11.661048837104072,11.158001,2,8,222,0,10.4130814035015,-4.108258630780829,-0.4446047727206732
2022-08-11,7.78316,7.728923000000002,9.190672857142857,2.9736676181304977,11.634918968468467,5.860218,3,8,223,0,10.67634797619008,-1.8720555092091227,-1.0211324669809567
2022-08-12,9.089392,8.267126333333335,8.086568285714284,2.681845211346337,11.617646506726457,7.78316,4,8,224,0,10.902071081878281,-1.4341037372823042,-0.3785753445959763
2022-08-13,11.647526,7.577590000000001,7.562971428571429,1.6243723246974189,11.606359656250001,9.089392,5,8,225,1,11.080559759999476,0.8121816798428072,-0.24521543984228344
2022-08-14,13.262214,9.506692666666668,8.156465285714287,1.9656897085471965,11.606542617777777,11.647526,6,8,226,1,11.208506049158338,1.2716330676873793,0.7820748831542836
2022-08-15,13.17186,11.333044000000001,9.281294428571428,2.1041114650044466,11.613868597345133,13.262214,0,8,227,0,11.290337477869057,0.24690717069857576,1.6346153514323678
2022-08-16,14.85876,12.69386666666667,10.281767285714285,0.9072830618768271,11.620731995594713,13.17186,1,8,228,0,11.330550440523314,-0.3278368465007061,3.8560464059773913
2022-08-17,14.968023,13.764278000000003,10.810447142857143,0.9489252328668099,11.634933872807018,14.85876,2,8,229,0,11.326690489580317,1.3020996944362369,2.339232815983447
2022-08-18,17.652619,14.332881000000002,12.111562142857142,1.0069567630352192,11.649488847161573,14.968023,3,8,230,0,11.274508025325874,3.421080449591227,2.957030525082901
2022-08-19,15.548488,15.826467333333335,13.521484857142857,1.5824370550021256,11.675589413043479,17.652619,4,8,231,0,11.167319967727806,2.0163645092559657,2.364803523016228
2022-08-20,20.10218,16.05637666666667,14.444212857142858,1.4125250773348466,11.692355207792207,15.548488,5,8,232,1,11.000321906756387,2.144541521115134,6.95731657212848
2022-08-21,7.311467,17.767762333333337,15.65202057142857,2.279028564569549,11.728604452586206,20.10218,6,8,233,1,10.775806034984956,-2.855206534520197,-0.6091325004647601
2022-08-22,3.447087,14.32071166666667,14.801913857142859,6.483144361003514,11.709646781115879,7.311467,0,8,234,0,10.507200970587673,-4.580829335858459,-2.479284634729215
2022-08-23,9.506669,10.286911333333338,13.412660571428573,8.71710860579558,11.674336696581197,3.447087,1,8,235,0,10.209342568090905,0.4310008890302532,-1.1336744571211579
2022-08-24,6.259185,6.755074333333336,12.648076142857144,3.067867843196652,11.665112578723404,9.506669,2,8,236,0,9.897826139626684,-1.7813963641353077,-1.8572447754913757
2022-08-25,9.325278,6.40431366666667,11.40395642857143,3.0323967832551286,11.642206105932203,6.259185,3,8,237,0,9.590028499279411,0.939608673565676,-1.204359172845086
2022-08-26,8.200662,8.36371066666667,10.214336285714285,1.8248279055744423,11.632430037974682,9.325278,4,8,238,0,9.30607828514007,0.35944071564506347,-1.4648570007851331
2022-08-27,11.357575,7.928375000000003,9.164646857142857,1.5510759907038203,11.618010844537816,8.200662,5,8,239,1,9.063379459887836,1.8091650319391592,0.48503050817300597
2022-08-28,13.879062,9.627838333333335,7.915417571428572,1.6000568705115792,11.616921154811715,11.357575,6,8,240,1,8.869358335792771,2.4329642375188336,2.5767394266883947
2022-08-29,7.366095,11.145766333333334,8.85364542857143,2.845119298633263,11.626346741666667,13.879062,0,8,241,0,8.717653627969392,-0.6944173863481624,-0.6571412416212308
2022-08-30,3.991364,10.867577333333335,9.413503714285714,3.284015540580678,11.608669348547718,7.366095,1,8,242,0,8.598479161403908,-0.0027791877973613738,-4.604335973606547
2022-08-31,5.51532,8.41217366666667,8.625603,5.026166866255158,11.577192880165288,3.991364,2,8,243,0,8.509547147090858,-0.3441435951085512,-2.6500835519823074
2022-09-01,4.608211,5.62425966666667,8.519336571428571,1.6900009523130326,11.552246901234566,5.51532,3,9,244,0,8.451373421440076,-0.06597175387785961,-3.777190667562216
2022-09-02,5.551625,4.704965000000002,7.845469857142858,0.7665712457883778,11.523787737704918,4.608211,4,9,245,0,8.424647872709087,-0.3418229419610224,-2.5311999307480653
2022-09-03,4.39062,5.225052000000002,7.467036,0.5345083046273368,11.499411563265307,5.551625,5,9,246,1,8.42462396056889,-0.08455583108446164,-3.949448129484429
2022-09-04,8.019232,4.850152000000002,6.471756714285713,0.6171586004549863,11.470514036585367,4.39062,6,9,247,1,8.441942693651491,-2.536018131024508,2.1133074373730167
2022-09-05,6.83992,5.987159000000002,5.634638142857143,1.8530983947167121,11.456541234817813,8.019232,0,9,248,0,8.467712204164878,-3.7254867910065395,2.097694586841662
2022-09-06,10.141804,6.416590666666669,5.559470285714285,1.8509759736366178,11.437925826612904,6.83992,1,9,249,0,8.504794491680356,-1.0817981927922278,2.7188077011118725
2022-09-07,12.373251,8.333652000000003,6.438104571428572,1.6732466762742586,11.432720518072289,10.141804,2,9,250,0,8.558907367873186,0.3034257467536125,3.5109178853732015
2022-09-08,15.185326,9.784991666666668,7.417808999999999,2.7838685798369345,11.43648264,12.373251,3,9,251,0,8.633210728501462,2.12991476451042,4.422200506988117
2022-09-09,13.352879,12.566793666666669,8.928825428571429,2.5273251895997766,11.451418270916333,15.185326,4,9,252,0,8.726626648512553,1.5692475262433359,3.0570048252441104
2022-09-10,10.994394,13.637152000000002,10.043290285714287,1.4274276882918817,11.458963749999999,13.352879,5,9,253,1,8.832867749301403,2.062499559110141,0.09902669158845612
2022-09-11,7.674305,13.177533000000002,10.986686571428573,2.100961071020181,11.457127505928854,10.994394,6,9,254,1,8.944076488673337,4.97536643198004,-6.245137920653377
2022-09-12,6.477083,10.673859333333334,10.937411285714287,2.852824481591777,11.442234503937009,7.674305,0,9,255,0,9.06320098643024,1.5833965359449025,-4.169514522375143
2022-09-13,12.191958,8.381927333333335,10.885577428571427,2.3403144431151137,11.422763321568628,6.477083,1,9,256,0,9.196756161998014,0.33978698768325366,2.6554148503187314
2022-09-14,8.599575,8.781115333333336,11.17845657142857,3.0139211837546833,11.42576798828125,12.191958,2,9,257,0,9.347151858505438,-1.4776187286983176,0.7300418701928795
2022-09-15,8.254867,9.08953866666667,10.63936,2.8887709086037363,11.41477112840467,8.599575,3,9,258,0,9.511477167655261,-1.7927513625713813,0.5361411949161212
2022-09-16,8.019232,9.682133333333335,9.649294428571428,2.1803946418874043,11.402523437984497,8.254867,4,9,259,0,9.68470594161556,0.4629429986736669,-2.1284169402892266
2022-09-17,6.132153,8.29122466666667,8.887344857142857,0.29187481795317155,11.389460536679538,8.019232,5,9,260,1,9.869011174204896,-1.3334843068583258,-2.4033738673465708
2022-09-18,4.971162,7.4687506666666685,8.192739,1.163508038308776,11.369240123076924,6.132153,6,9,261,1,10.071901916917215,-2.910643663124826,-2.1900962537923885
2022-09-19,6.458718,6.374182333333336,7.806575714285715,1.538381074334007,11.344726413793104,4.971162,0,9,262,0,10.298896348608883,-3.9025589400576206,0.06238059144873809
2022-09-20,4.717084,5.8540110000000025,7.803952142857143,0.7818106819465179,11.326077526717556,6.458718,1,9,263,0,10.543628254870404,-3.669962050939248,-2.1565822039311566
2022-09-21,9.488768,5.382321333333336,6.7361130000000005,0.9408035105844248,11.300948273764257,4.717084,2,9,264,0,10.796747879217264,-0.42349365001541606,-0.8844862292018476
2022-09-22,8.636096,6.8881900000000025,6.863140571428572,2.414658712541123,11.294083954545455,9.488768,3,9,265,0,11.052763664656679,-0.2392061479065512,-2.177461516750128
2022-09-23,10.595527,7.6139826666666695,6.917601857142857,2.544755154940479,11.284053811320755,8.636096,4,9,266,0,11.30768192609421,0.6188028588962137,-1.3309577849904226
2022-09-24,12.772504,9.573463666666669,7.2856440000000005,0.9824573669647365,11.281465364661655,10.595527,5,9,267,1,11.559085688396276,3.4255063711727307,-2.212088059569007
2022-09-25,25.508492,10.668042333333338,8.23426557142857,2.0691572295964753,11.287049779026217,12.772504,6,9,268,1,11.80959892359803,3.6004265343390407,10.098466542062932
2022-09-26,22.133928,16.292174333333335,11.168169857142857,8.055444786870291,11.340114861940298,25.508492,0,9,269,0,12.058505742320515,2.104167633693454,7.971254623986033
2022-09-27,12.863031,20.138308000000006,13.40748557142857,6.59834994315516,11.380240561338288,22.133928,1,9,270,0,12.304477471328592,0.02215040796008192,0.5364031207113253
2022-09-28,10.649685,20.16848366666667,14.571192285714286,6.547835485578729,11.385732377777778,12.863031,2,9,271,0,12.544752836079109,0.22011403574073418,-2.1151818718198427
2022-09-29,11.339103,15.215548000000004,14.737037571428571,6.092841003770599,11.383016335793357,10.649685,3,9,272,0,12.777539596276544,0.7270806724304332,-2.165517268706978
2022-09-30,19.068077,11.617273000000003,15.12318142857143,1.1325895287362704,11.382854889705882,11.339103,4,9,273,0,13.00289583282576,5.080834175707874,0.9843469914663654
2022-10-01,17.290366,13.685621666666668,16.333545714285716,4.674071389717589,11.411005886446887,19.068077,5,10,274,1,13.220925917908005,3.012503952373247,1.0569361297187463
2022-10-02,10.486478,15.899182000000001,16.97895457142857,4.047938298017936,11.43246340510949,17.290366,6,10,275,1,13.43479062897219,-2.3386510701088032,-0.6096615588633867
2022-10-03,6.658418,15.61497366666667,14.832952571428573,4.529477337634404,11.429023458181819,10.486478,0,10,276,0,13.64601229125814,-2.852361105281037,-4.135233185977103
2022-10-04,7.51124,11.47842066666667,12.62216542857143,5.384936606789384,11.411738655797102,6.658418,1,10,277,0,13.857861530759061,-3.323235645991631,-3.02338588476743
2022-10-05,10.287133,8.218712000000002,11.857623857142856,2.0097010508995634,11.397657433212997,7.51124,2,10,278,0,14.073606987355847,-4.341804407454605,0.555330420098759
2022-10-06,10.214264,8.15226366666667,11.805830714285715,1.8973867933885122,11.393662741007194,10.287133,3,10,279,0,14.29375480039286,-5.281618947446116,1.2021281470532568
2022-10-07,12.953744,9.337545666666669,11.645139428571428,1.5820467009109507,11.389435505376344,10.214264,4,10,280,0,14.518083165774632,-1.8664596962663702,0.30212053049173804
2022-10-08,22.696348,11.151713666666668,10.771663285714286,1.5610292964833636,11.39502232142857,12.953744,5,10,281,1,14.749952401722094,4.7454183705122075,3.200977227765698
2022-10-09,8.436292,15.28811866666667,11.543946428571429,6.560303656008967,11.435240562277581,22.696348,6,10,282,1,14.99439413724053,0.4096507246028825,-6.967752861843412
2022-10-10,10.250828,14.695461333333336,11.251062714285712,7.287831209125838,11.424605992907802,8.436292,0,10,283,0,15.250010716296853,0.12374566296988974,-5.122928379266742
2022-10-11,11.88338,13.794489333333336,11.764264142857144,7.7624384709190775,11.420458367491165,10.250828,1,10,284,0,15.501151362886837,-3.259391560173237,-0.3583798027135998
2022-10-12,20.211367,10.19016666666667,12.38885557142857,1.7243444458565251,11.422088373239436,11.88338,2,10,285,0,15.732332316665946,-1.1357006706342876,5.614735353968342
2022-10-13,21.988668,14.115191666666668,13.806603285714285,5.342173881411155,11.452927947368421,20.211367,3,10,286,0,15.935085382507017,3.140146412914323,2.9134362045786606
2022-10-14,26.543101,18.027805,15.488660999999999,5.394920633949908,11.489766199300698,21.988668,4,10,287,0,16.114738924293327,9.748948071200713,0.6794140045059578
2022-10-15,24.492328,22.914378666666668,17.429997714285715,3.2657953151528285,11.542216843205575,26.543101,5,10,288,1,16.283817422980178,4.696845370695747,3.511665206324075
2022-10-16,17.761635,24.341365666666672,17.686566285714285,2.2809662880972756,11.587182506944444,24.492328,6,10,289,1,16.445423667286754,0.6450955961212181,0.6711157365920251
2022-10-17,20.864403,22.93235466666667,19.01875814285714,4.593873515653449,11.608547394463669,17.761635,0,10,290,0,16.60021745062615,0.5350301046296955,3.729155444744155
2022-10-18,20.392242,21.039455333333336,20.53498314285714,3.3687593494662167,11.640464137931033,20.864403,1,10,291,0,16.74741751071586,0.7519242880643265,2.8929002012198133
2022-10-19,8.654035,19.67276,21.75053485714286,1.671835242091339,11.670538975945018,20.392242,2,10,292,0,16.884977701171614,-5.119576024582399,-3.111366676589215
2022-10-20,7.093949,16.636893333333337,20.09948742857143,6.917387829233785,11.660208482876714,8.654035,3,10,293,0,17.012138476531376,-7.224391681435546,-2.693797795095829
2022-10-21,13.752064,12.046742000000002,17.97167042857143,7.269387509917739,11.644623979522185,7.093949,4,10,294,0,17.125408992691117,-1.5325545660513769,-1.8407904266397388
2022-10-22,20.918301,9.833349333333336,16.14437942857143,3.4821990984016407,11.651792142857143,13.752064,5,10,295,1,17.221622083346194,3.6650331200017985,0.03164579665200762
2022-10-23,15.130899,13.921438000000002,15.633804142857143,6.913732184492119,11.683204037288137,20.918301,6,10,296,1,17.296357533861503,-3.546785541476559,1.381327007615056
2022-10-24,15.602605,16.600421333333333,15.257984714285714,3.802415035364459,11.694851655405405,15.130899,0,10,297,0,17.348025448535818,-1.602079846787681,-0.143340601748136
2022-10-25,11.39384,17.217268333333337,14.506299285714286,3.213854187328471,11.708009074074074,15.602605,1,10,298,0,17.38548692160687,-4.020844497974296,-1.9708024236325734
2022-10-26,9.307389,14.042448000000002,13.220813285714286,2.3058555659139137,11.706954815436243,11.39384,2,10,299,0,17.418370958719933,-0.5334664541665052,-7.577515504553427
2022-10-27,21.535771,12.101278000000002,13.314149571428572,3.2066785798620403,11.698929511705686,9.307389,3,10,300,0,17.45227210598109,3.0609217917871967,1.0225771022317112
2022-10-28,30.643125,14.079000000000002,15.377267000000002,6.541474967748496,11.731718983333334,21.535771,4,10,301,0,17.477358182320994,6.696465106731226,6.469301710947779
2022-10-29,18.305881,20.495428333333336,17.790275714285716,10.705846174566913,11.794547574750831,30.643125,5,10,302,1,17.47858626261017,2.1682021698261043,-1.3409074324362713
2022-10-30,21.390083,23.49492566666667,17.41707285714286,6.397703700143141,11.816108281456954,18.305881,6,10,303,1,17.447679928132647,1.2891424202947714,2.653260651572584
2022-10-31,20.501023,23.446363000000005,18.311242,6.4205227947328325,11.847705557755775,21.390083,0,10,304,0,17.38103026404663,3.360740451947962,-0.24074771599459055
2022-11-01,21.335656,20.065662333333336,19.011016,1.587523126370445,11.876170417763158,20.501023,1,11,305,0,17.28673694392482,6.239351939540932,-2.19043288346575
2022-11-02,15.747746,21.075587333333335,20.43127542857143,0.4983309186033474,11.907185124590164,21.335656,2,11,306,0,17.179711152725076,-5.993783539416297,4.561818386691222
2022-11-03,10.940284,19.194808333333334,21.35132642857143,3.014271405926471,11.919735977124184,15.747746,3,11,307,0,17.06832750306095,-9.026530745407598,2.898487242346647
2022-11-04,18.269794,16.007895333333334,19.83768542857143,5.202566483123569,11.91654557980456,10.940284,4,11,308,0,16.959915437321367,-2.995893710070892,4.305772272749525
2022-11-05,16.111065,14.985941333333336,18.070066714285712,3.723666066209573,11.93717300974026,18.269794,5,11,309,1,16.857263768185348,-1.0104111032868512,0.26421233510150444
2022-11-06,13.951632,15.107047666666668,17.75652157142857,3.7664927073140184,11.950680750809061,16.111065,6,11,310,1,16.756332556723308,-2.871570091756307,0.06686953503299975
2022-11-07,18.360208,16.110830333333336,16.693885714285717,2.1590810095644266,11.957135432258065,13.951632,0,11,311,0,16.65688117893544,3.403173978360011,-1.6998471572954497
2022-11-08,14.71362,16.140968333333337,16.388055,2.204440120291713,11.977724090032154,18.360208,1,11,312,0,16.57022815902165,-0.3432349764715886,-1.51337318255006
2022-11-09,21.86179,15.675153333333334,15.442049857142857,2.356330908483933,11.986492987179487,14.71362,2,11,313,0,16.509599165934187,0.9911682131658585,4.361022620899952
2022-11-10,14.623305,18.31187266666667,16.315484714285713,3.5743301212340266,12.018043456869009,21.86179,3,11,314,0,16.504643918242294,4.194569903951109,-6.075908822193403
2022-11-11,9.488819,17.066238333333335,16.84163057142857,4.153315066372618,12.026340468152867,14.623305,4,11,315,0,16.59346663898409,2.473705548065774,-9.578353187049863
2022-11-12,14.532563,15.324638000000002,15.587205571428571,6.216229067881618,12.018284844444445,9.488819,5,11,316,1,16.794035627484348,0.35397842126051265,-2.615451048744861
2022-11-13,14.042498,12.881562333333335,15.361705285714285,2.9385521982855085,12.026241420886075,14.532563,6,11,317,1,17.110230778763714,1.1140810029540322,-4.1818137817177465
2022-11-14,20.011285,12.687960000000002,15.374686142857144,2.78135187983582,12.032601851735015,14.042498,0,11,318,0,17.549001326203474,1.761831593457471,0.7004520803390548
2022-11-15,29.862661,16.195448666666667,15.610554285714286,3.3136831650213243,12.057692050314465,20.011285,1,11,319,0,18.107911616693485,5.40000825396411,6.354741129342404
2022-11-16,7.855702,21.305481333333336,17.774703,7.9890924045571,12.113507,29.862661,2,11,320,0,18.773422072550375,-5.571013002341383,-5.346707070208993
2022-11-17,6.694606,19.243216,15.773833285714286,11.02356605633996,12.100201359375001,7.855702,3,11,321,0,19.515728587799366,-8.475945251667977,-4.345177336131389
2022-11-18,10.867396,14.804323000000002,14.641162,13.053819114419593,12.083361498442367,6.694606,4,11,322,0,20.281657322673045,-5.404705480494592,-4.009555842178454
2022-11-19,14.532589,8.472568000000003,14.838101571428572,2.153703053461892,12.079585208074533,10.867396,5,11,323,1,21.017983517948345,-0.4911737418340945,-5.9942207761142505
2022-11-20,17.653163,10.698197000000002,14.838105285714287,3.9217299248255437,12.087179647058823,14.532589,6,11,324,1,21.70135061631401,-1.4121297548889002,-2.6360578614251082
2022-11-21,33.056172,14.351049333333336,15.353914571428572,3.3965240956751135,12.104358608024691,17.653163,0,11,325,0,22.32548005850574,4.3996690462319705,6.3310228952622865
2022-11-22,30.117476,21.747308000000004,17.217469857142856,9.917272772806069,12.168825726153846,33.056172,1,11,326,0,22.891619479847108,12.128355610076053,-4.902499089923161
2022-11-23,26.68839,26.942270333333337,17.253871999999998,8.177690372760765,12.223882935582823,30.117476,2,11,327,0,23.42049741431806,-2.8419049811585646,6.109797566840502
2022-11-24,36.974948,29.954012666666667,19.944256,3.1870365695876846,12.268116902140672,26.68839,3,11,328,0,23.899145242271274,0.9093614508994889,12.166441306829235
2022-11-25,30.080426,31.260271333333332,24.27001914285714,5.23763350686713,12.343442606707317,36.974948,4,11,329,0,24.30081349490408,-0.12470004402199655,5.904312549117915
2022-11-26,28.084689,31.247921333333334,27.01473771428571,5.241717551228536,12.397354410334346,30.080426,5,11,330,1,24.623210638607645,-0.43892473318707825,3.900403094579435
2022-11-27,29.027998,31.71335433333333,28.950751999999998,4.664656201492483,12.444891787878788,28.084689,6,11,331,1,24.868423029837547,-4.330329342957099,8.489904313119549
2022-11-28,23.948185,29.064371000000005,30.575728428571427,0.9983655591209516,12.494991806646524,29.027998,0,11,332,0,25.014605932615353,-5.690752018166049,4.624331085550693
2022-11-29,21.825505,27.020290666666668,29.27458742857143,2.702005345617246,12.529489376506024,23.948185,1,11,333,0,25.03586673522479,-4.5930545568418815,1.3826928216170913
2022-11-30,22.678823,24.933896000000004,28.09002014285714,3.7010398519068635,12.557405339339338,21.825505,2,11,334,0,24.914586793196303,-2.2667649768199465,0.031001183623644124
2022-12-01,19.830398,22.817504333333336,27.517224857142857,1.0681137485123253,12.58770898502994,22.678823,3,12,335,0,24.676055158132623,3.8444688262709263,-8.69012598440355
2022-12-02,17.797856,21.444908666666667,25.068003428571426,1.4618554722906147,12.609328952238807,19.830398,4,12,336,0,24.40622282755817,5.052792503381569,-11.66115933093974
2022-12-03,32.511357,20.102359000000003,23.313350571428572,2.451822139330796,12.624770997023811,17.797856,5,12,337,1,24.203192331096346,1.1329646836407588,7.175199985262893
2022-12-04,27.739981,23.379870333333333,23.94573171428571,7.973132590335748,12.683781637982195,32.511357,6,12,338,1,24.118872799101293,1.880985214510552,1.7401229863881547
2022-12-05,21.662222,26.016398,23.76172928571429,7.506652495464724,12.728326606508876,27.739981,0,12,339,0,24.165443046428226,3.6463334873652125,-6.149554533793438
2022-12-06,57.783753,27.30452,23.435163142857142,5.4376605515558625,12.75468028023599,21.662222,1,12,340,0,24.32604802098668,11.456919831284207,22.000785147729115
2022-12-07,4.626371,35.728652000000004,28.572055714285714,19.34051185221505,12.887118729411764,57.783753,2,12,341,0,24.559512388393767,-3.8284335890062615,-16.104707799387505
2022-12-08,10.813204,28.024115333333338,25.993133999999998,27.143730037745623,12.8628936627566,4.626371,3,12,342,0,24.838881663415986,-2.312782547886827,-11.712895115529157
2022-12-09,23.839329,24.407776000000002,24.70496342857143,29.069504745882213,12.856900418128655,10.813204,4,12,343,0,25.135650377257157,-1.834067101972527,0.5377457247153679
2022-12-10,21.880012,13.092968000000004,25.568030999999998,9.807264231130533,12.888919160349854,23.839329,5,12,344,1,25.41440417024482,-0.9210374969067436,-2.6133546733380726
2022-12-11,8.545396,18.84418166666667,24.049267428571426,7.023687243072247,12.915056058139536,21.880012,6,12,345,1,25.64971384035407,0.3679626616563222,-17.472280502010392
2022-12-12,6.513181,18.08824566666667,21.30718385714286,8.322212181690142,12.902390376811594,8.545396,0,12,346,0,25.83070695979424,-9.282379599585852,-10.03514636020839
2022-12-13,4.64448,12.312863000000002,19.143035142857144,8.347468445145893,12.883924453757226,6.513181,1,12,347,0,25.952031040823485,-12.475984972759022,-8.831566068064461
2022-12-14,34.307589,6.567685666666669,11.551710428571429,1.9510290819922849,12.860179657060518,4.64448,2,12,348,0,26.01467953488485,-2.571463333860697,10.86437279897585
2022-12-15,61.684719,15.155083333333337,15.79188442857143,16.61285242938803,12.92181014367816,34.307589,3,12,349,0,26.01204834207435,6.628179119681152,29.0444915382445
2022-12-16,65.242437,33.545595999999996,23.059243714285714,28.52775300112711,13.06153194555874,61.684719,4,12,350,0,25.921852221170717,8.487414831212192,30.833169947617087
2022-12-17,25.835715,53.74491499999999,28.97397342857143,16.926948067049413,13.210620245714285,65.242437,5,12,351,1,25.238756886174,0.5471053321949179,0.04985278163108475
2022-12-18,31.36929,50.920956999999994,29.539073857142853,21.79716412726215,13.246589176638176,25.835715,6,12,352,1,24.350998567286116,6.443681178846845,0.5746102538670392
2022-12-19,30.661267,40.815813999999996,32.79963014285714,21.334245861015404,13.298074122159091,31.36929,0,12,353,0,23.401604303088074,3.583801310718022,3.675861386193901
2022-12-20,20.9547,29.288757333333333,36.24935671428572,3.0113037307745185,13.347261637393768,30.661267,1,12,354,0,22.423066924591737,9.708417490391362,-11.1767844149831
2022-12-21,28.374971,27.66175233333333,38.579388142857134,5.8192557422480204,13.368751576271187,20.9547,2,12,355,0,21.417319999208228,-2.7006679709937558,9.658318971785526
2022-12-22,21.081583,26.663646,37.731871285714284,5.074528123194435,13.411022616901409,28.374971,3,12,356,0,20.38350595107409,-5.213733607329929,5.911810656255838
2022-12-23,15.239754,23.470418,31.931423285714285,4.247941256806557,13.432569134831462,21.081583,4,12,357,0,19.31977533205262,-3.7673400374050203,-0.31268129464760364
2022-12-24,19.303688,21.565436000000002,24.788182857142857,6.580962445074375,13.437631277310924,15.239754,5,12,358,1,18.224143264019446,-0.8485311171608996,1.9280758531414541
2022-12-25,33.855008,18.541674999999998,23.85503614285714,2.994534918052779,13.454016910614524,19.303688,6,12,359,1,17.095184938184264,6.761288336532715,9.998534725283019
2022-12-26,10.631678,22.79948333333333,24.210138714285712,9.787612534757677,13.51084418384401,33.855008,0,12,360,0,15.931446973330084,-11.53264896392951,6.232879990599427
2022-12-27,2.195314,21.263458,21.348768857142854,11.735045288020846,13.5028465,10.631678,1,12,361,0,14.730552723006761,-18.625751419648235,6.090512696641474
2022-12-28,4.31793,15.560666666666668,18.668856571428567,16.39528142486446,13.471523695290859,2.195314,2,12,362,0,13.48950963764746,-3.6891093382024787,-5.482470299444982
2022-12-29,5.061757,5.714974000000001,15.232136428571428,4.388263704311363,13.446237524861877,4.31793,3,12,363,0,12.205193272065777,7.670117827492894,-14.813554099558672
2022-12-30,5.950761,3.8583336666666668,12.943589857142857,1.4874627592894016,13.423139782369146,5.061757,4,12,364,0,10.876036633314841,10.43703501523463,-15.362310648549471
2022-12-31,8.273009,5.110149333333333,11.616590857142857,0.8174904477024956,13.40261126923077,5.950761,5,12,365,1,9.503465954208524,-0.8923766876913546,-0.33808026651716894
